timestamp,id,element,info
1698090495901,mouseMoved,mouse,-
1698090496707,mouseMoved,mouse,-
1698090496714,mouseMoved,mouse,-
1698090496722,mouseMoved,mouse,-
1698090496729,mouseMoved,mouse,-
1698090496737,mouseMoved,mouse,-
1698090496744,mouseMoved,mouse,-
1698090496752,mouseMoved,mouse,-
1698090496768,mouseMoved,mouse,-
1698090496774,mouseMoved,mouse,-
1698090496781,mouseMoved,mouse,-
1698090496789,mouseMoved,mouse,-
1698090496796,mouseMoved,mouse,-
1698090496804,mouseMoved,mouse,-
1698090496811,mouseMoved,mouse,-
1698090496819,mouseMoved,mouse,-
1698090496826,mouseMoved,mouse,-
1698090496834,mouseMoved,mouse,-
1698090496841,mouseMoved,mouse,-
1698090496849,mouseMoved,mouse,-
1698090496857,mouseMoved,mouse,-
1698090496864,mouseMoved,mouse,-
1698090496871,mouseMoved,mouse,-
1698090496879,mouseMoved,mouse,-
1698090496886,mouseMoved,mouse,-
1698090496894,mouseMoved,mouse,-
1698090496909,mouseMoved,mouse,-
1698090496916,mouseMoved,mouse,-
1698090496924,mouseMoved,mouse,-
1698090496931,mouseMoved,mouse,-
1698090496938,mouseMoved,mouse,-
1698090496946,mouseMoved,mouse,-
1698090496955,mouseMoved,mouse,-
1698090496970,mouseMoved,mouse,-
1698090496977,mouseMoved,mouse,-
1698090496992,mouseMoved,mouse,-
1698090497000,mouseMoved,mouse,-
1698090497006,mouseMoved,mouse,-
1698090497015,mouseMoved,mouse,-
1698090497021,mouseMoved,mouse,-
1698090497029,mouseMoved,mouse,-
1698090497036,mouseMoved,mouse,-
1698090497044,mouseMoved,mouse,-
1698090497051,mouseMoved,mouse,-
1698090497059,mouseMoved,mouse,-
1698090497066,mouseMoved,mouse,-
1698090497073,mouseMoved,mouse,-
1698090497081,mouseMoved,mouse,-
1698090497089,mouseMoved,mouse,-
1698090497097,mouseMoved,mouse,-
1698090497179,mouseMoved,mouse,-
1698090497187,mouseMoved,mouse,-
1698090497194,mouseMoved,mouse,-
1698090497203,mouseMoved,mouse,-
1698090497261,mouseMoved,mouse,-
1698090497299,mouseMoved,mouse,-
1698090497314,mouseMoved,mouse,-
1698090497329,mouseMoved,mouse,-
1698090497337,mouseMoved,mouse,-
1698090497351,mouseMoved,mouse,-
1698090497376,mouseMoved,mouse,-
1698090497396,mouseMoved,mouse,-
1698090497405,mouseMoved,mouse,-
1698090497411,mouseMoved,mouse,-
1698090497426,mouseMoved,mouse,-
1698090497449,mouseMoved,mouse,-
1698090497472,mouseMoved,mouse,-
1698090497479,mouseMoved,mouse,-
1698090497486,mouseMoved,mouse,-
1698090497494,mouseMoved,mouse,-
1698090497502,mouseMoved,mouse,-
1698090497509,mouseMoved,mouse,-
1698090497516,mouseMoved,mouse,-
1698090497546,mouseMoved,mouse,-
1698090497554,mouseMoved,mouse,-
1698090497584,mouseMoved,mouse,-
1698090497593,mouseMoved,mouse,-
1698090497600,mouseMoved,mouse,-
1698090497608,mouseMoved,mouse,-
1698090497727,mouseMoved,mouse,-
1698090497735,mouseMoved,mouse,-
1698090497741,mouseMoved,mouse,-
1698090497750,mouseMoved,mouse,-
1698090497756,mouseMoved,mouse,-
1698090497766,mouseMoved,mouse,-
1698090497771,mouseMoved,mouse,-
1698090497781,mouseMoved,mouse,-
1698090497796,mouseMoved,mouse,-
1698090497801,mouseMoved,mouse,-
1698090497811,mouseMoved,mouse,-
1698090497817,mouseMoved,mouse,-
1698090497824,mouseMoved,mouse,-
1698090497831,mouseMoved,mouse,-
1698090497839,mouseMoved,mouse,-
1698090497847,mouseMoved,mouse,-
1698090497861,mouseMoved,mouse,-
1698090497930,mouseMoved,mouse,-
1698090497944,mouseMoved,mouse,-
1698090497967,mouseMoved,mouse,-
1698090497974,mouseMoved,mouse,-
1698090497989,mouseMoved,mouse,-
1698090497997,mouseMoved,mouse,-
1698090498004,mouseMoved,mouse,-
1698090498013,mouseMoved,mouse,-
1698090498019,mouseMoved,mouse,-
1698090498026,mouseMoved,mouse,-
1698090498289,mouseMoved,mouse,-
1698090498296,mouseMoved,mouse,-
1698090498304,mouseMoved,mouse,-
1698090498312,mouseMoved,mouse,-
1698090498318,mouseMoved,mouse,-
1698090498326,mouseMoved,mouse,-
1698090498342,mouseMoved,mouse,-
1698090498349,mouseMoved,mouse,-
1698090498359,mouseMoved,mouse,-
1698090498364,mouseMoved,mouse,-
1698090498372,mouseMoved,mouse,-
1698090498408,mouseMoved,mouse,-
1698090498416,mouseMoved,mouse,-
1698090498424,mouseMoved,mouse,-
1698090498431,mouseMoved,mouse,-
1698090498438,mouseMoved,mouse,-
1698090498446,mouseMoved,mouse,-
1698090498454,mouseMoved,mouse,-
1698090498462,mouseMoved,mouse,-
1698090498469,mouseMoved,mouse,-
1698090498477,mouseMoved,mouse,-
1698090498484,mouseMoved,mouse,-
1698090498492,mouseMoved,mouse,-
1698090498499,mouseMoved,mouse,-
1698090498506,mouseMoved,mouse,-
1698090498514,mouseMoved,mouse,-
1698090498521,mouseMoved,mouse,-
1698090498528,mouseMoved,mouse,-
1698090498536,mouseMoved,mouse,-
1698090498551,mouseMoved,mouse,-
1698090498618,mouseMoved,mouse,-
1698090498642,mouseMoved,mouse,-
1698090498663,mouseMoved,mouse,-
1698090498679,mouseMoved,mouse,-
1698090498686,mouseMoved,mouse,-
1698090498694,mouseMoved,mouse,-
1698090498702,mouseMoved,mouse,-
1698090498709,mouseMoved,mouse,-
1698090498716,mouseMoved,mouse,-
1698090498724,mouseMoved,mouse,-
1698090498731,mouseMoved,mouse,-
1698090498739,mouseMoved,mouse,-
1698090498747,mouseMoved,mouse,-
1698090498754,mouseMoved,mouse,-
1698090498761,mouseMoved,mouse,-
1698090498777,mouseMoved,mouse,-
1698090498784,mouseMoved,mouse,-
1698090498793,mouseMoved,mouse,-
1698090498799,mouseMoved,mouse,-
1698090498806,mouseMoved,mouse,-
1698090498814,mouseMoved,mouse,-
1698090498821,mouseMoved,mouse,-
1698090498829,mouseMoved,mouse,-
1698090498836,mouseMoved,mouse,-
1698090498844,mouseMoved,mouse,-
1698090498851,mouseMoved,mouse,-
1698090498859,mouseMoved,mouse,-
1698090498866,mouseMoved,mouse,-
1698090498874,mouseMoved,mouse,-
1698090498889,mouseMoved,mouse,-
1698090498896,mouseMoved,mouse,-
1698090498911,mouseMoved,mouse,-
1698090498920,mouseMoved,mouse,-
1698090498926,mouseMoved,mouse,-
1698090498942,mouseMoved,mouse,-
1698090498950,mouseMoved,mouse,-
1698090498956,mouseMoved,mouse,-
1698090498964,mouseMoved,mouse,-
1698090498986,mouseMoved,mouse,-
1698090499011,mouseMoved,mouse,-
1698090499024,mouseMoved,mouse,-
1698090499039,mouseMoved,mouse,-
1698090499061,mouseMoved,mouse,-
1698090499076,mouseMoved,mouse,-
1698090499099,mouseMoved,mouse,-
1698090499114,mouseMoved,mouse,-
1698090499129,mouseMoved,mouse,-
1698090499152,mouseMoved,mouse,-
1698090499166,mouseMoved,mouse,-
1698090499414,mouseMoved,mouse,-
1698090499421,mouseMoved,mouse,-
1698090499430,mouseMoved,mouse,-
1698090499436,mouseMoved,mouse,-
1698090499445,mouseMoved,mouse,-
1698090499451,mouseMoved,mouse,-
1698090499461,mouseMoved,mouse,-
1698090499477,mouseMoved,mouse,-
1698090499481,mouseMoved,mouse,-
1698090499491,mouseMoved,mouse,-
1698090499497,mouseMoved,mouse,-
1698090499504,mouseMoved,mouse,-
1698090499511,mouseMoved,mouse,-
1698090499519,mouseMoved,mouse,-
1698090499527,mouseMoved,mouse,-
1698090499534,mouseMoved,mouse,-
1698090499542,mouseMoved,mouse,-
1698090499549,mouseMoved,mouse,-
1698090499556,mouseMoved,mouse,-
1698090499564,mouseMoved,mouse,-
1698090499579,mouseMoved,mouse,-
1698090499587,mouseMoved,mouse,-
1698090500299,mouseMoved,mouse,-
1698090500306,mouseMoved,mouse,-
1698090500314,mouseMoved,mouse,-
1698090500321,mouseMoved,mouse,-
1698090500329,mouseMoved,mouse,-
1698090500336,mouseMoved,mouse,-
1698090500344,mouseMoved,mouse,-
1698090500352,mouseMoved,mouse,-
1698090500360,mouseMoved,mouse,-
1698090500375,mouseMoved,mouse,-
1698090500389,mouseMoved,mouse,-
1698090500766,mouseMoved,mouse,-
1698090500771,mouseMoved,mouse,-
1698090500778,mouseMoved,mouse,-
1698090500794,mouseMoved,mouse,-
1698090500801,mouseMoved,mouse,-
1698090500809,mouseMoved,mouse,-
1698090500832,mouseMoved,mouse,-
1698090500839,mouseMoved,mouse,-
1698090500869,mouseMoved,mouse,-
1698090500876,mouseMoved,mouse,-
1698090500900,mouseMoved,mouse,-
1698090500906,mouseMoved,mouse,-
1698090500914,mouseMoved,mouse,-
1698090500928,mouseMoved,mouse,-
1698090500938,mouseMoved,mouse,-
1698090500944,mouseMoved,mouse,-
1698090500951,mouseMoved,mouse,-
1698090500974,mouseMoved,mouse,-
1698090500981,mouseMoved,mouse,-
1698090500988,mouseMoved,mouse,-
1698090500996,mouseMoved,mouse,-
1698090501003,mouseMoved,mouse,-
1698090501011,mouseMoved,mouse,-
1698090501019,mouseMoved,mouse,-
1698090501026,mouseMoved,mouse,-
1698090501034,mouseMoved,mouse,-
1698090501041,mouseMoved,mouse,-
1698090501049,mouseMoved,mouse,-
1698090501056,mouseMoved,mouse,-
1698090501064,mouseMoved,mouse,-
1698090501071,mouseMoved,mouse,-
1698090501080,mouseMoved,mouse,-
1698090501086,mouseMoved,mouse,-
1698090501194,mouseMoved,mouse,-
1698090501205,mouseMoved,mouse,-
1698090501432,mouseMoved,mouse,-
1698090502391,mouseMoved,mouse,-
1698090502399,mouseMoved,mouse,-
1698090502407,mouseMoved,mouse,-
1698090502414,mouseMoved,mouse,-
1698090502421,mouseMoved,mouse,-
1698090502429,mouseMoved,mouse,-
1698090502436,mouseMoved,mouse,-
1698090502444,mouseMoved,mouse,-
1698090502451,mouseMoved,mouse,-
1698090502460,mouseMoved,mouse,-
1698090502466,mouseMoved,mouse,-
1698090502476,mouseMoved,mouse,-
1698090502482,mouseMoved,mouse,-
1698090502489,mouseMoved,mouse,-
1698090502496,mouseMoved,mouse,-
1698090502504,mouseMoved,mouse,-
1698090505778,mouseMoved,mouse,-
1698090505782,mouseMoved,mouse,-
1698090505916,mouseMoved,mouse,-
1698090505923,mouseMoved,mouse,-
1698090505932,mouseMoved,mouse,-
1698090505939,mouseMoved,mouse,-
1698090505947,mouseMoved,mouse,-
1698090505962,mouseMoved,mouse,-
1698090505970,mouseMoved,mouse,-
1698090505977,mouseMoved,mouse,-
1698090505984,mouseMoved,mouse,-
1698090505991,mouseMoved,mouse,-
1698090505999,mouseMoved,mouse,-
1698090506021,mouseMoved,mouse,-
1698090506029,mouseMoved,mouse,-
1698090506036,mouseMoved,mouse,-
1698090506051,mouseMoved,mouse,-
1698090506059,mouseMoved,mouse,-
1698090506066,mouseMoved,mouse,-
1698090506075,mouseMoved,mouse,-
1698090506082,mouseMoved,mouse,-
1698090506089,mouseMoved,mouse,-
1698090506097,mouseMoved,mouse,-
1698090506104,mouseMoved,mouse,-
1698090506111,mouseMoved,mouse,-
1698090506119,mouseMoved,mouse,-
1698090506134,mouseMoved,mouse,-
1698090506135,mouseMoved,mouse,-
1698090506142,mouseMoved,mouse,-
1698090506151,mouseMoved,mouse,-
1698090506157,mouseMoved,mouse,-
1698090506165,mouseMoved,mouse,-
1698090506171,mouseMoved,mouse,-
1698090506180,mouseMoved,mouse,-
1698090506186,mouseMoved,mouse,-
1698090506194,mouseMoved,mouse,-
1698090506201,mouseMoved,mouse,-
1698090506209,mouseMoved,mouse,-
1698090506217,mouseMoved,mouse,-
1698090506223,mouseMoved,mouse,-
1698090506231,mouseMoved,mouse,-
1698090506239,mouseMoved,mouse,-
1698090506246,mouseMoved,mouse,-
1698090506441,mouseMoved,mouse,-
1698090506448,mouseMoved,mouse,-
1698090506456,mouseMoved,mouse,-
1698090506464,mouseMoved,mouse,-
1698090506471,mouseMoved,mouse,-
1698090506480,mouseMoved,mouse,-
1698090506486,mouseMoved,mouse,-
1698090506494,mouseMoved,mouse,-
1698090506501,mouseMoved,mouse,-
1698090506509,mouseMoved,mouse,-
1698090506516,mouseMoved,mouse,-
1698090506525,mouseMoved,mouse,-
1698090506531,mouseMoved,mouse,-
1698090506540,mouseMoved,mouse,-
1698090506546,mouseMoved,mouse,-
1698090506555,mouseMoved,mouse,-
1698090506561,mouseMoved,mouse,-
1698090506576,mouseMoved,mouse,-
1698090506583,mouseMoved,mouse,-
1698090507140,mouseMoved,mouse,-
1698090507148,mouseMoved,mouse,-
1698090507154,mouseMoved,mouse,-
1698090507162,mouseMoved,mouse,-
1698090507169,mouseMoved,mouse,-
1698090507178,mouseMoved,mouse,-
1698090507183,mouseMoved,mouse,-
1698090507192,mouseMoved,mouse,-
1698090507199,mouseMoved,mouse,-
1698090507206,mouseMoved,mouse,-
1698090507214,mouseMoved,mouse,-
1698090507221,mouseMoved,mouse,-
1698090507229,mouseMoved,mouse,-
1698090507236,mouseMoved,mouse,-
1698090507244,mouseMoved,mouse,-
1698090507252,mouseMoved,mouse,-
1698090507259,mouseMoved,mouse,-
1698090507267,mouseMoved,mouse,-
1698090507274,mouseMoved,mouse,-
1698090507282,mouseMoved,mouse,-
1698090507289,mouseMoved,mouse,-
1698090507296,mouseMoved,mouse,-
1698090507303,mouseMoved,mouse,-
1698090507311,mouseMoved,mouse,-
1698090507319,mouseMoved,mouse,-
1698090507326,mouseMoved,mouse,-
1698090507334,mouseMoved,mouse,-
1698090507341,mouseMoved,mouse,-
1698090507349,mouseMoved,mouse,-
1698090507356,mouseMoved,mouse,-
1698090507364,mouseMoved,mouse,-
1698090507371,mouseMoved,mouse,-
1698090507379,mouseMoved,mouse,-
1698090507387,mouseMoved,mouse,-
1698090507395,mouseMoved,mouse,-
1698090507401,mouseMoved,mouse,-
1698090507410,mouseMoved,mouse,-
1698090507426,mouseMoved,mouse,-
1698090507431,mouseMoved,mouse,-
1698090507440,mouseMoved,mouse,-
1698090507446,mouseMoved,mouse,-
1698090507453,mouseMoved,mouse,-
1698090507462,mouseMoved,mouse,-
1698090507470,mouseMoved,mouse,-
1698090507476,mouseMoved,mouse,-
1698090507484,mouseMoved,mouse,-
1698090507492,mouseMoved,mouse,-
1698090507498,mouseMoved,mouse,-
1698090507506,mouseMoved,mouse,-
1698090507513,mouseMoved,mouse,-
1698090507521,mouseMoved,mouse,-
1698090507529,mouseMoved,mouse,-
1698090507536,mouseMoved,mouse,-
1698090507544,mouseMoved,mouse,-
1698090507552,mouseMoved,mouse,-
1698090507558,mouseMoved,mouse,-
1698090507597,mouseMoved,mouse,-
1698090507613,mouseMoved,mouse,-
1698090507649,mouseMoved,mouse,-
1698090507656,mouseMoved,mouse,-
1698090507664,mouseMoved,mouse,-
1698090507671,mouseMoved,mouse,-
1698090507679,mouseMoved,mouse,-
1698090507764,mousePressed,mouse,-
1698090507837,mouseReleased,mouse,-
1698090510066,RunClass,action,-
1698090510089,mouseMoved,mouse,-
1698090510403,mouseMoved,mouse,-
1698090510411,mouseMoved,mouse,-
1698090510418,mouseMoved,mouse,-
1698090510425,mouseMoved,mouse,-
1698090510440,mouseMoved,mouse,-
1698090510448,mouseMoved,mouse,-
1698090510455,mouseMoved,mouse,-
1698090510463,mouseMoved,mouse,-
1698090510470,mouseMoved,mouse,-
1698090510485,mouseMoved,mouse,-
1698090510492,mouseMoved,mouse,-
1698090510507,mouseMoved,mouse,-
1698090510515,mouseMoved,mouse,-
1698090510522,mouseMoved,mouse,-
1698090510531,mouseMoved,mouse,-
1698090510537,mouseMoved,mouse,-
1698090510545,mouseMoved,mouse,-
1698090510560,mouseMoved,mouse,-
1698090510567,mouseMoved,mouse,-
1698090510575,mouseMoved,mouse,-
1698090510582,mouseMoved,mouse,-
1698090510589,mouseMoved,mouse,-
1698090510597,mouseMoved,mouse,-
1698090510613,mouseMoved,mouse,-
1698090510630,mouseMoved,mouse,-
1698090510635,mouseMoved,mouse,-
1698090510642,mouseMoved,mouse,-
1698090510649,mouseMoved,mouse,-
1698090510657,mouseMoved,mouse,-
1698090510666,mouseMoved,mouse,-
1698090510672,mouseMoved,mouse,-
1698090510680,mouseMoved,mouse,-
1698090510686,mouseMoved,mouse,-
1698090510695,mouseMoved,mouse,-
1698090510702,mouseMoved,mouse,-
1698090510710,mouseMoved,mouse,-
1698090510716,mouseMoved,mouse,-
1698090510960,mouseMoved,mouse,-
1698090510964,mouseMoved,mouse,-
1698090510972,mouseMoved,mouse,-
1698090510979,mouseMoved,mouse,-
1698090510987,mouseMoved,mouse,-
1698090510995,mouseMoved,mouse,-
1698090511002,mouseMoved,mouse,-
1698090511010,mouseMoved,mouse,-
1698090511017,mouseMoved,mouse,-
1698090511025,mouseMoved,mouse,-
1698090511032,mouseMoved,mouse,-
1698090511040,mouseMoved,mouse,-
1698090511047,mouseMoved,mouse,-
1698090511054,mouseMoved,mouse,-
1698090511062,mouseMoved,mouse,-
1698090511070,mouseMoved,mouse,-
1698090511092,mouseMoved,mouse,-
1698090511100,mouseMoved,mouse,-
1698090511107,mouseMoved,mouse,-
1698090511121,mouseMoved,mouse,-
1698090511130,mouseMoved,mouse,-
1698090511136,mouseMoved,mouse,-
1698090511145,mouseMoved,mouse,-
1698090511160,mouseMoved,mouse,-
1698090511167,mouseMoved,mouse,-
1698090511176,mouseMoved,mouse,-
1698090511181,mouseMoved,mouse,-
1698090511191,mouseMoved,mouse,-
1698090511197,mouseMoved,mouse,-
1698090511207,mouseMoved,mouse,-
1698090511212,mouseMoved,mouse,-
1698090511219,mouseMoved,mouse,-
1698090511227,mouseMoved,mouse,-
1698090511234,mouseMoved,mouse,-
1698090511242,mouseMoved,mouse,-
1698090511249,mouseMoved,mouse,-
1698090511257,mouseMoved,mouse,-
1698090511268,mouseMoved,mouse,-
1698090511272,mouseMoved,mouse,-
1698090511280,mouseMoved,mouse,-
1698090511287,mouseMoved,mouse,-
1698090511295,mouseMoved,mouse,-
1698090511302,mouseMoved,mouse,-
1698090511310,mouseMoved,mouse,-
1698090511316,mouseMoved,mouse,-
1698090511324,mouseMoved,mouse,-
1698090511331,mouseMoved,mouse,-
1698090511339,mouseMoved,mouse,-
1698090511347,mouseMoved,mouse,-
1698090511354,mouseMoved,mouse,-
1698090511362,mouseMoved,mouse,-
1698090511369,mouseMoved,mouse,-
1698090511385,mouseMoved,mouse,-
1698090511391,mouseMoved,mouse,-
1698090511398,mouseMoved,mouse,-
1698090511407,mouseMoved,mouse,-
1698090511418,mouseMoved,mouse,-
1698090511422,mouseMoved,mouse,-
1698090511437,mouseMoved,mouse,-
1698090511483,mouseMoved,mouse,-
1698090511490,mouseMoved,mouse,-
1698090511496,mouseMoved,mouse,-
1698090511504,mouseMoved,mouse,-
1698090511511,mouseMoved,mouse,-
1698090511518,mouseMoved,mouse,-
1698090511526,mouseMoved,mouse,-
1698090511534,mouseMoved,mouse,-
1698090511542,mouseMoved,mouse,-
1698090511549,mouseMoved,mouse,-
1698090511558,mouseMoved,mouse,-
1698090511564,mouseMoved,mouse,-
1698090511571,mouseMoved,mouse,-
1698090511579,mouseMoved,mouse,-
1698090511586,mouseMoved,mouse,-
1698090511593,mouseMoved,mouse,-
1698090511601,mouseMoved,mouse,-
1698090511609,mouseMoved,mouse,-
1698090511616,mouseMoved,mouse,-
1698090511626,mouseMoved,mouse,-
1698090511631,mouseMoved,mouse,-
1698090511639,mouseMoved,mouse,-
1698090511646,mouseMoved,mouse,-
1698090511670,mouseMoved,mouse,-
1698090511676,mouseMoved,mouse,-
1698090511684,mouseMoved,mouse,-
1698090511692,mouseMoved,mouse,-
1698090511699,mouseMoved,mouse,-
1698090511706,mouseMoved,mouse,-
1698090511714,mouseMoved,mouse,-
1698090511721,mouseMoved,mouse,-
1698090511728,mouseMoved,mouse,-
1698090511737,mouseMoved,mouse,-
1698090511744,mouseMoved,mouse,-
1698090511759,mouseMoved,mouse,-
1698090511767,mouseMoved,mouse,-
1698090511789,mouseMoved,mouse,-
1698090511812,mouseMoved,mouse,-
1698090511848,mouseMoved,mouse,-
1698090511873,mouseMoved,mouse,-
1698090511875,mouseMoved,mouse,-
1698090511920,mouseMoved,mouse,-
1698090512105,mouseMoved,mouse,-
1698090512196,mousePressed,mouse,-
1698090512301,GotoDeclaration,action,-
1698090512312,mouseReleased,mouse,-
1698090512734,mouseMoved,mouse,-
1698090512743,mouseMoved,mouse,-
1698090512750,mouseMoved,mouse,-
1698090512764,mouseMoved,mouse,-
1698090512766,mouseMoved,mouse,-
1698090512773,mouseMoved,mouse,-
1698090512779,mouseMoved,mouse,-
1698090512788,mouseMoved,mouse,-
1698090512794,mouseMoved,mouse,-
1698090512803,mouseMoved,mouse,-
1698090512810,mouseMoved,mouse,-
1698090512817,mouseMoved,mouse,-
1698090512826,mouseMoved,mouse,-
1698090512832,mouseMoved,mouse,-
1698090512839,mouseMoved,mouse,-
1698090512847,mouseMoved,mouse,-
1698090512855,mouseMoved,mouse,-
1698090512862,mouseMoved,mouse,-
1698090512870,mouseMoved,mouse,-
1698090512877,mouseMoved,mouse,-
1698090512884,mouseMoved,mouse,-
1698090512892,mouseMoved,mouse,-
1698090512901,mouseMoved,mouse,-
1698090512919,mouseMoved,mouse,-
1698090512930,mouseMoved,mouse,-
1698090512937,mouseMoved,mouse,-
1698090512945,mouseMoved,mouse,-
1698090512952,mouseMoved,mouse,-
1698090512961,mouseMoved,mouse,-
1698090512968,mouseMoved,mouse,-
1698090512975,mouseMoved,mouse,-
1698090512982,mouseMoved,mouse,-
1698090512989,mouseMoved,mouse,-
1698090512997,mouseMoved,mouse,-
1698090513005,mouseMoved,mouse,-
1698090513011,mouseMoved,mouse,-
1698090513020,mouseMoved,mouse,-
1698090513027,mouseMoved,mouse,-
1698090513036,mouseMoved,mouse,-
1698090513043,mouseMoved,mouse,-
1698090513050,mouseMoved,mouse,-
1698090513057,mouseMoved,mouse,-
1698090513064,mouseMoved,mouse,-
1698090513072,mouseMoved,mouse,-
1698090513079,mouseMoved,mouse,-
1698090513087,mouseMoved,mouse,-
1698090513110,mouseMoved,mouse,-
1698090513462,mouseMoved,mouse,-
1698090513487,mouseMoved,mouse,-
1698090513889,mouseMoved,mouse,-
1698090513896,mouseMoved,mouse,-
1698090513904,mouseMoved,mouse,-
1698090513912,mouseMoved,mouse,-
1698090513919,mouseMoved,mouse,-
1698090513926,mouseMoved,mouse,-
1698090513935,mouseMoved,mouse,-
1698090513941,mouseMoved,mouse,-
1698090513949,mouseMoved,mouse,-
1698090513957,mouseMoved,mouse,-
1698090513965,mouseMoved,mouse,-
1698090513971,mouseMoved,mouse,-
1698090513980,mouseMoved,mouse,-
1698090513996,mouseMoved,mouse,-
1698090514017,mouseMoved,mouse,-
1698090514377,mouseMoved,mouse,-
1698090514384,mouseMoved,mouse,-
1698090514391,mouseMoved,mouse,-
1698090514398,mouseMoved,mouse,-
1698090514406,mouseMoved,mouse,-
1698090514414,mouseMoved,mouse,-
1698090514422,mouseMoved,mouse,-
1698090514429,mouseMoved,mouse,-
1698090514436,mouseMoved,mouse,-
1698090514444,mouseMoved,mouse,-
1698090514451,mouseMoved,mouse,-
1698090514459,mouseMoved,mouse,-
1698090514467,mouseMoved,mouse,-
1698090514474,mouseMoved,mouse,-
1698090514481,mouseMoved,mouse,-
1698090514489,mouseMoved,mouse,-
1698090514496,mouseMoved,mouse,-
1698090514504,mouseMoved,mouse,-
1698090514512,mouseMoved,mouse,-
1698090514519,mouseMoved,mouse,-
1698090514527,mouseMoved,mouse,-
1698090514534,mouseMoved,mouse,-
1698090514549,mouseMoved,mouse,-
1698090514617,mouseMoved,mouse,-
1698090514624,mouseMoved,mouse,-
1698090514631,mouseMoved,mouse,-
1698090514639,mouseMoved,mouse,-
1698090514646,mouseMoved,mouse,-
1698090514654,mouseMoved,mouse,-
1698090514662,mouseMoved,mouse,-
1698090514669,mouseMoved,mouse,-
1698090514684,mouseMoved,mouse,-
1698090514691,mouseMoved,mouse,-
1698090514699,mouseMoved,mouse,-
1698090514706,mouseMoved,mouse,-
1698090514722,mouseMoved,mouse,-
1698090514730,mouseMoved,mouse,-
1698090514736,mouseMoved,mouse,-
1698090514745,mouseMoved,mouse,-
1698090514751,mouseMoved,mouse,-
1698090514761,mouseMoved,mouse,-
1698090514766,mouseMoved,mouse,-
1698090514774,mouseMoved,mouse,-
1698090514781,mouseMoved,mouse,-
1698090514788,mouseMoved,mouse,-
1698090514797,mouseMoved,mouse,-
1698090514804,mouseMoved,mouse,-
1698090514811,mouseMoved,mouse,-
1698090514819,mouseMoved,mouse,-
1698090514826,mouseMoved,mouse,-
1698090514834,mouseMoved,mouse,-
1698090514841,mouseMoved,mouse,-
1698090514849,mouseMoved,mouse,-
1698090514857,mouseMoved,mouse,-
1698090514864,mouseMoved,mouse,-
1698090516131,mouseMoved,mouse,-
1698090516619,mouseMoved,mouse,-
1698090518059,mouseMoved,mouse,-
1698090518066,mouseMoved,mouse,-
1698090518074,mouseMoved,mouse,-
1698090518082,mouseMoved,mouse,-
1698090518090,mouseMoved,mouse,-
1698090518096,mouseMoved,mouse,-
1698090518104,mouseMoved,mouse,-
1698090518112,mouseMoved,mouse,-
1698090518119,mouseMoved,mouse,-
1698090518126,mouseMoved,mouse,-
1698090518134,mouseMoved,mouse,-
1698090518142,mouseMoved,mouse,-
1698090518164,mouseMoved,mouse,-
1698090518614,mouseMoved,mouse,-
1698090518629,mouseMoved,mouse,-
1698090518681,mouseMoved,mouse,-
1698090518696,mouseMoved,mouse,-
1698090518711,mouseMoved,mouse,-
1698090518719,mouseMoved,mouse,-
1698090518726,mouseMoved,mouse,-
1698090518749,mouseMoved,mouse,-
1698090518771,mouseMoved,mouse,-
1698090518779,mouseMoved,mouse,-
1698090518786,mouseMoved,mouse,-
1698090518816,mouseMoved,mouse,-
1698090518824,mouseMoved,mouse,-
1698090518832,mouseMoved,mouse,-
1698090518839,mouseMoved,mouse,-
1698090518846,mouseMoved,mouse,-
1698090518855,mouseMoved,mouse,-
1698090518861,mouseMoved,mouse,-
1698090518870,mouseMoved,mouse,-
1698090518876,mouseMoved,mouse,-
1698090518885,mouseMoved,mouse,-
1698090518891,mouseMoved,mouse,-
1698090518899,mouseMoved,mouse,-
1698090518906,mouseMoved,mouse,-
1698090518914,mouseMoved,mouse,-
1698090518922,mouseMoved,mouse,-
1698090518929,mouseMoved,mouse,-
1698090518937,mouseMoved,mouse,-
1698090518944,mouseMoved,mouse,-
1698090518952,mouseMoved,mouse,-
1698090518959,mouseMoved,mouse,-
1698090518966,mouseMoved,mouse,-
1698090518973,mouseMoved,mouse,-
1698090518981,mouseMoved,mouse,-
1698090518997,mouseMoved,mouse,-
1698090519004,mouseMoved,mouse,-
1698090519012,mouseMoved,mouse,-
1698090519018,mouseMoved,mouse,-
1698090519027,mouseMoved,mouse,-
1698090519035,mouseMoved,mouse,-
1698090519042,mouseMoved,mouse,-
1698090519050,mouseMoved,mouse,-
1698090519058,mouseMoved,mouse,-
1698090519072,mouseMoved,mouse,-
1698090519149,mouseMoved,mouse,-
1698090519161,mouseMoved,mouse,-
1698090519808,mouseMoved,mouse,-
1698090519845,mouseMoved,mouse,-
1698090519859,mouseMoved,mouse,-
1698090519882,mouseMoved,mouse,-
1698090520774,mouseMoved,mouse,-
1698090520781,mouseMoved,mouse,-
1698090520789,mouseMoved,mouse,-
1698090520797,mouseMoved,mouse,-
1698090520805,mouseMoved,mouse,-
1698090520811,mouseMoved,mouse,-
1698090520819,mouseMoved,mouse,-
1698090520827,mouseMoved,mouse,-
1698090520834,mouseMoved,mouse,-
1698090520841,mouseMoved,mouse,-
1698090520849,mouseMoved,mouse,-
1698090520857,mouseMoved,mouse,-
1698090520865,mouseMoved,mouse,-
1698090520871,mouseMoved,mouse,-
1698090520879,mouseMoved,mouse,-
1698090520887,mouseMoved,mouse,-
1698090520894,mouseMoved,mouse,-
1698090520902,mouseMoved,mouse,-
1698090520917,mouseMoved,mouse,-
1698090520923,mouseMoved,mouse,-
1698090520931,mouseMoved,mouse,-
1698090520939,mouseMoved,mouse,-
1698090520946,mouseMoved,mouse,-
1698090520954,mouseMoved,mouse,-
1698090520962,mouseMoved,mouse,-
1698090520970,mouseMoved,mouse,-
1698090520976,mouseMoved,mouse,-
1698090520984,mouseMoved,mouse,-
1698090520991,mouseMoved,mouse,-
1698090520999,mouseMoved,mouse,-
1698090521007,mouseMoved,mouse,-
1698090521014,mouseMoved,mouse,-
1698090521021,mouseMoved,mouse,-
1698090521029,mouseMoved,mouse,-
1698090521037,mouseMoved,mouse,-
1698090521044,mouseMoved,mouse,-
1698090521053,mouseMoved,mouse,-
1698090521059,mouseMoved,mouse,-
1698090521066,mouseMoved,mouse,-
1698090521077,mouseMoved,mouse,-
1698090521081,mouseMoved,mouse,-
1698090521089,mouseMoved,mouse,-
1698090521096,mouseMoved,mouse,-
1698090521104,mouseMoved,mouse,-
1698090521112,mouseMoved,mouse,-
1698090521119,mouseMoved,mouse,-
1698090521126,mouseMoved,mouse,-
1698090521134,mouseMoved,mouse,-
1698090521142,mouseMoved,mouse,-
1698090521150,mouseMoved,mouse,-
1698090521156,mouseMoved,mouse,-
1698090521164,mouseMoved,mouse,-
1698090521172,mouseMoved,mouse,-
1698090521179,mouseMoved,mouse,-
1698090521187,mouseMoved,mouse,-
1698090521194,mouseMoved,mouse,-
1698090521202,mouseMoved,mouse,-
1698090521209,mouseMoved,mouse,-
1698090521225,mouseMoved,mouse,-
1698090521337,mouseMoved,mouse,-
1698090521344,mouseMoved,mouse,-
1698090521352,mouseMoved,mouse,-
1698090521360,mouseMoved,mouse,-
1698090521367,mouseMoved,mouse,-
1698090521374,mouseMoved,mouse,-
1698090521389,mouseMoved,mouse,-
1698090521398,mouseMoved,mouse,-
1698090521405,mouseMoved,mouse,-
1698090521412,mouseMoved,mouse,-
1698090521420,mouseMoved,mouse,-
1698090521428,mouseMoved,mouse,-
1698090521434,mouseMoved,mouse,-
1698090521442,mouseMoved,mouse,-
1698090521449,mouseMoved,mouse,-
1698090521457,mouseMoved,mouse,-
1698090521464,mouseMoved,mouse,-
1698090521473,mouseMoved,mouse,-
1698090521480,mouseMoved,mouse,-
1698090521501,mouseMoved,mouse,-
1698090521511,mouseMoved,mouse,-
1698090521517,mouseMoved,mouse,-
1698090521526,mouseMoved,mouse,-
1698090521541,mouseMoved,mouse,-
1698090521561,mouseMoved,mouse,-
1698090521569,mouseMoved,mouse,-
1698090521577,mouseMoved,mouse,-
1698090521584,mouseMoved,mouse,-
1698090521592,mouseMoved,mouse,-
1698090521599,mouseMoved,mouse,-
1698090521607,mouseMoved,mouse,-
1698090521614,mouseMoved,mouse,-
1698090521622,mouseMoved,mouse,-
1698090521629,mouseMoved,mouse,-
1698090521636,mouseMoved,mouse,-
1698090521644,mouseMoved,mouse,-
1698090521651,mouseMoved,mouse,-
1698090521658,mouseMoved,mouse,-
1698090521666,mouseMoved,mouse,-
1698090521674,mouseMoved,mouse,-
1698090521682,mouseMoved,mouse,-
1698090521689,mouseMoved,mouse,-
1698090521698,mouseMoved,mouse,-
1698090521704,mouseMoved,mouse,-
1698090521714,mouseMoved,mouse,-
1698090521719,mouseMoved,mouse,-
1698090521728,mouseMoved,mouse,-
1698090521734,mouseMoved,mouse,-
1698090521742,mouseMoved,mouse,-
1698090521749,mouseMoved,mouse,-
1698090521756,mouseMoved,mouse,-
1698090521764,mouseMoved,mouse,-
1698090521772,mouseMoved,mouse,-
1698090521779,mouseMoved,mouse,-
1698090521786,mouseMoved,mouse,-
1698090521794,mouseMoved,mouse,-
1698090521809,mouseMoved,mouse,-
1698090521816,mouseMoved,mouse,-
1698090521824,mouseMoved,mouse,-
1698090521832,mouseMoved,mouse,-
1698090521840,mouseMoved,mouse,-
1698090521847,mouseMoved,mouse,-
1698090521854,mouseMoved,mouse,-
1698090521861,mouseMoved,mouse,-
1698090522914,selectionChanged,file,-
1698090522928,fileOpened,file,-
1698090523747,selectionChanged,file,-
1698090523970,mouseMoved,mouse,-
1698090523977,mouseMoved,mouse,-
1698090523984,mouseMoved,mouse,-
1698090523991,mouseMoved,mouse,-
1698090523999,mouseMoved,mouse,-
1698090524007,mouseMoved,mouse,-
1698090524014,mouseMoved,mouse,-
1698090524021,mouseMoved,mouse,-
1698090524029,mouseMoved,mouse,-
1698090524036,mouseMoved,mouse,-
1698090524044,mouseMoved,mouse,-
1698090524051,mouseMoved,mouse,-
1698090524060,mouseMoved,mouse,-
1698090524135,mousePressed,mouse,-
1698090524224,mouseReleased,mouse,-
1698090524581,SaveAll,action,-
1698090524847,mouseMoved,mouse,-
1698090524855,mouseMoved,mouse,-
1698090524862,mouseMoved,mouse,-
1698090524869,mouseMoved,mouse,-
1698090524876,mouseMoved,mouse,-
1698090524885,mouseMoved,mouse,-
1698090524892,mouseMoved,mouse,-
1698090524899,mouseMoved,mouse,-
1698090524907,mouseMoved,mouse,-
1698090524914,mouseMoved,mouse,-
1698090524922,mouseMoved,mouse,-
1698090524929,mouseMoved,mouse,-
1698090524937,mouseMoved,mouse,-
1698090524944,mouseMoved,mouse,-
1698090524953,mouseMoved,mouse,-
1698090524959,mouseMoved,mouse,-
1698090524969,mouseMoved,mouse,-
1698090524974,mouseMoved,mouse,-
1698090524983,mouseMoved,mouse,-
1698090524990,mouseMoved,mouse,-
1698090524998,mouseMoved,mouse,-
1698090525020,mouseMoved,mouse,-
1698090525022,mouseMoved,mouse,-
1698090525999,ReformatCode,action,-
1698090526481,SaveAll,action,-
1698090526674,mouseMoved,mouse,-
1698090526677,mouseMoved,mouse,-
1698090526685,mouseMoved,mouse,-
1698090526692,mouseMoved,mouse,-
1698090526700,mouseMoved,mouse,-
1698090526796,mouseMoved,mouse,-
1698090526800,mouseMoved,mouse,-
1698090526805,mouseMoved,mouse,-
1698090526887,mouseMoved,mouse,-
1698090526895,mouseMoved,mouse,-
1698090526903,mouseMoved,mouse,-
1698090526910,mouseMoved,mouse,-
1698090526918,mouseMoved,mouse,-
1698090526925,mouseMoved,mouse,-
1698090526934,mouseMoved,mouse,-
1698090526940,mouseMoved,mouse,-
1698090526947,mouseMoved,mouse,-
1698090526954,mouseMoved,mouse,-
1698090527122,mousePressed,mouse,-
1698090527171,mouseReleased,mouse,-
1698090527777,EditorEnter,action,-
1698090528658,-,typing,p
1698090528844,-,typing,r
1698090529050,-,typing,i
1698090529192,-,typing,n
1698090529288,-,typing,t
1698090529586,-,typing,s
1698090529945,-,typing,d
1698090530120,-,typing,c
1698090530208,-,typing,d
1698090530305,-,typing,s
1698090530522,-,typing,v
1698090530568,-,typing,f
1698090530659,-,typing,d
1698090530676,-,typing,a
1698090530955,-,typing,d
1698090530963,-,typing,a
1698090531124,-,typing,c
1698090531160,-,typing,d
1698090531236,-,typing,a
1698090531250,-,typing,s
1698090531328,EditorBackSpace,action,-
1698090531452,EditorBackSpace,action,-
1698090531588,EditorBackSpace,action,-
1698090531676,EditorBackSpace,action,-
1698090531836,EditorBackSpace,action,-
1698090531938,EditorBackSpace,action,-
1698090532038,EditorBackSpace,action,-
1698090532192,EditorBackSpace,action,-
1698090532288,EditorBackSpace,action,-
1698090532411,EditorBackSpace,action,-
1698090532553,EditorBackSpace,action,-
1698090532654,EditorBackSpace,action,-
1698090532806,EditorBackSpace,action,-
1698090532921,EditorBackSpace,action,-
1698090533061,EditorBackSpace,action,-
1698090533137,EditorBackSpace,action,-
1698090533251,EditorBackSpace,action,-
1698090533409,EditorBackSpace,action,-
1698090533500,EditorBackSpace,action,-
1698090533657,EditorBackSpace,action,-
1698090533947,EditorBackSpace,action,-
1698090534532,SaveAll,action,-
1698090535013,mouseMoved,mouse,-
1698090535017,mouseMoved,mouse,-
1698090535024,mouseMoved,mouse,-
1698090535032,mouseMoved,mouse,-
1698090535039,mouseMoved,mouse,-
1698090535047,mouseMoved,mouse,-
1698090535054,mouseMoved,mouse,-
1698090535062,mouseMoved,mouse,-
1698090535069,mouseMoved,mouse,-
1698090535077,mouseMoved,mouse,-
1698090535086,mouseMoved,mouse,-
1698090535092,mouseMoved,mouse,-
1698090535160,mousePressed,mouse,-
1698090535212,mouseReleased,mouse,-
1698090535249,mouseMoved,mouse,-
1698090535257,mouseMoved,mouse,-
1698090535444,mouseMoved,mouse,-
1698090535451,mouseMoved,mouse,-
1698090535460,mouseMoved,mouse,-
1698090535466,mouseMoved,mouse,-
1698090535474,mouseMoved,mouse,-
1698090535481,mouseMoved,mouse,-
1698090535490,mouseMoved,mouse,-
1698090535497,mouseMoved,mouse,-
1698090535505,mouseMoved,mouse,-
1698090535512,mouseMoved,mouse,-
1698090535520,mouseMoved,mouse,-
1698090535527,mouseMoved,mouse,-
1698090535536,mouseMoved,mouse,-
1698090535542,mouseMoved,mouse,-
1698090535551,mouseMoved,mouse,-
1698090535556,mouseMoved,mouse,-
1698090535566,mouseMoved,mouse,-
1698090535573,mouseMoved,mouse,-
1698090535579,mouseMoved,mouse,-
1698090535586,mouseMoved,mouse,-
1698090535594,mouseMoved,mouse,-
1698090535602,mouseMoved,mouse,-
1698090535610,mouseMoved,mouse,-
1698090535618,mouseMoved,mouse,-
1698090535728,SaveAll,action,-
1698090538152,mouseMoved,mouse,-
1698090538159,mouseMoved,mouse,-
1698090538167,mouseMoved,mouse,-
1698090538175,mouseMoved,mouse,-
1698090538182,mouseMoved,mouse,-
1698090538189,mouseMoved,mouse,-
1698090538196,mouseMoved,mouse,-
1698090538205,mouseMoved,mouse,-
1698090538212,mouseMoved,mouse,-
1698090538219,mouseMoved,mouse,-
1698090538228,mouseMoved,mouse,-
1698090538234,mouseMoved,mouse,-
1698090538243,mouseMoved,mouse,-
1698090538251,mouseMoved,mouse,-
1698090538267,mouseMoved,mouse,-
1698090538272,mouseMoved,mouse,-
1698090538281,mouseMoved,mouse,-
1698090538286,mouseMoved,mouse,-
1698090538294,mouseMoved,mouse,-
1698090538302,mouseMoved,mouse,-
1698090538309,mouseMoved,mouse,-
1698090538317,mouseMoved,mouse,-
1698090538324,mouseMoved,mouse,-
1698090538332,mouseMoved,mouse,-
1698090538340,mouseMoved,mouse,-
1698090538348,mouseMoved,mouse,-
1698090538354,mouseMoved,mouse,-
1698090538362,mouseMoved,mouse,-
1698090538369,mouseMoved,mouse,-
1698090538416,mousePressed,mouse,-
1698090538459,mouseReleased,mouse,-
1698090538685,mouseMoved,mouse,-
1698090538692,mouseMoved,mouse,-
1698090538700,mouseMoved,mouse,-
1698090538706,mouseMoved,mouse,-
1698090538716,mouseMoved,mouse,-
1698090538722,mouseMoved,mouse,-
1698090538731,mouseMoved,mouse,-
1698090538737,mouseMoved,mouse,-
1698090538746,mouseMoved,mouse,-
1698090538752,mouseMoved,mouse,-
1698090538902,mousePressed,mouse,-
1698090538948,mouseReleased,mouse,-
1698090539022,mouseMoved,mouse,-
1698090539029,mouseMoved,mouse,-
1698090539036,mouseMoved,mouse,-
1698090539044,mouseMoved,mouse,-
1698090539052,mouseMoved,mouse,-
1698090539066,mouseMoved,mouse,-
1698090539074,mouseMoved,mouse,-
1698090539081,mouseMoved,mouse,-
1698090539089,mouseMoved,mouse,-
1698090539097,mouseMoved,mouse,-
1698090539105,mouseMoved,mouse,-
1698090539112,mouseMoved,mouse,-
1698090539119,mouseMoved,mouse,-
1698090539127,mouseMoved,mouse,-
1698090539134,mouseMoved,mouse,-
1698090539142,mouseMoved,mouse,-
1698090539149,mouseMoved,mouse,-
1698090539157,mouseMoved,mouse,-
1698090539277,mouseMoved,mouse,-
1698090539284,mouseMoved,mouse,-
1698090539292,mouseMoved,mouse,-
1698090539299,mouseMoved,mouse,-
1698090539314,mouseMoved,mouse,-
1698090539322,mouseMoved,mouse,-
1698090539329,mouseMoved,mouse,-
1698090539337,mouseMoved,mouse,-
1698090539344,mouseMoved,mouse,-
1698090539351,mouseMoved,mouse,-
1698090539359,mouseMoved,mouse,-
1698090539367,mouseMoved,mouse,-
1698090539374,mouseMoved,mouse,-
1698090539389,mouseMoved,mouse,-
1698090539397,mouseMoved,mouse,-
1698090539405,mouseMoved,mouse,-
1698090539413,mouseMoved,mouse,-
1698090539419,mouseMoved,mouse,-
1698090539426,mouseMoved,mouse,-
1698090539435,mouseMoved,mouse,-
1698090539443,mouseMoved,mouse,-
1698090539449,mouseMoved,mouse,-
1698090539457,mouseMoved,mouse,-
1698090539464,mouseMoved,mouse,-
1698090539473,mouseMoved,mouse,-
1698090539480,mouseMoved,mouse,-
1698090539489,mouseMoved,mouse,-
1698090539494,mouseMoved,mouse,-
1698090539713,mouseMoved,mouse,-
1698090539722,mouseMoved,mouse,-
1698090539730,mouseMoved,mouse,-
1698090539738,mouseMoved,mouse,-
1698090539741,mouseMoved,mouse,-
1698090539749,mouseMoved,mouse,-
1698090539757,mouseMoved,mouse,-
1698090539764,mouseMoved,mouse,-
1698090539771,mouseMoved,mouse,-
1698090539779,mouseMoved,mouse,-
1698090540201,mouseMoved,mouse,-
1698090540207,mouseMoved,mouse,-
1698090540214,mouseMoved,mouse,-
1698090540222,mouseMoved,mouse,-
1698090540229,mouseMoved,mouse,-
1698090540236,mouseMoved,mouse,-
1698090540244,mouseMoved,mouse,-
1698090540251,mouseMoved,mouse,-
1698090540259,mouseMoved,mouse,-
1698090540266,mouseMoved,mouse,-
1698090540273,mouseMoved,mouse,-
1698090540281,mouseMoved,mouse,-
1698090540289,mouseMoved,mouse,-
1698090540297,mouseMoved,mouse,-
1698090540357,mouseMoved,mouse,-
1698090540635,mouseMoved,mouse,-
1698090540641,mouseMoved,mouse,-
1698090540650,mouseMoved,mouse,-
1698090540656,mouseMoved,mouse,-
1698090540666,mouseMoved,mouse,-
1698090540671,mouseMoved,mouse,-
1698090540678,mouseMoved,mouse,-
1698090540686,mouseMoved,mouse,-
1698090540702,mouseMoved,mouse,-
1698090540710,mouseMoved,mouse,-
1698090540717,mouseMoved,mouse,-
1698090540724,mouseMoved,mouse,-
1698090540732,mouseMoved,mouse,-
1698090540739,mouseMoved,mouse,-
1698090540747,mouseMoved,mouse,-
1698090540754,mouseMoved,mouse,-
1698090540761,mouseMoved,mouse,-
1698090540769,mouseMoved,mouse,-
1698090540776,mouseMoved,mouse,-
1698090540784,mouseMoved,mouse,-
1698090540791,mouseMoved,mouse,-
1698090540807,mouseMoved,mouse,-
1698090540815,mouseMoved,mouse,-
1698090540822,mouseMoved,mouse,-
1698090540853,mouseMoved,mouse,-
1698090540868,mouseMoved,mouse,-
1698090540888,mouseMoved,mouse,-
1698090541009,mouseMoved,mouse,-
1698090541070,mouseMoved,mouse,-
1698090541085,mouseMoved,mouse,-
1698090541091,mouseMoved,mouse,-
1698090541101,mouseMoved,mouse,-
1698090541107,mouseMoved,mouse,-
1698090541116,mouseMoved,mouse,-
1698090541121,mouseMoved,mouse,-
1698090541131,mouseMoved,mouse,-
1698090541136,mouseMoved,mouse,-
1698090541143,mouseMoved,mouse,-
1698090541152,mouseMoved,mouse,-
1698090541181,mouseMoved,mouse,-
1698090541190,mouseMoved,mouse,-
1698090541196,mouseMoved,mouse,-
1698090541204,mouseMoved,mouse,-
1698090541211,mouseMoved,mouse,-
1698090541219,mouseMoved,mouse,-
1698090541226,mouseMoved,mouse,-
1698090541234,mouseMoved,mouse,-
1698090541241,mouseMoved,mouse,-
1698090541249,mouseMoved,mouse,-
1698090541257,mouseMoved,mouse,-
1698090541265,mouseMoved,mouse,-
1698090542533,mouseMoved,mouse,-
1698090542539,mouseMoved,mouse,-
1698090542546,mouseMoved,mouse,-
1698090542554,mouseMoved,mouse,-
1698090542562,mouseMoved,mouse,-
1698090542570,mouseMoved,mouse,-
1698090542576,mouseMoved,mouse,-
1698090542585,mouseMoved,mouse,-
1698090542752,mousePressed,mouse,-
1698090542840,mouseReleased,mouse,-
1698090542990,mouseMoved,mouse,-
1698090542996,mouseMoved,mouse,-
1698090543004,mouseMoved,mouse,-
1698090543012,mouseMoved,mouse,-
1698090543025,mouseMoved,mouse,-
1698090543027,mouseMoved,mouse,-
1698090543034,mouseMoved,mouse,-
1698090543044,mouseMoved,mouse,-
1698090543088,mousePressed,mouse,-
1698090543094,mouseDragged,mouse,-
1698090543101,mouseDragged,mouse,-
1698090543108,mouseDragged,mouse,-
1698090543117,mouseDragged,mouse,-
1698090543124,mouseDragged,mouse,-
1698090543132,mouseDragged,mouse,-
1698090543140,mouseDragged,mouse,-
1698090543147,mouseDragged,mouse,-
1698090543154,mouseDragged,mouse,-
1698090543161,mouseDragged,mouse,-
1698090543169,mouseDragged,mouse,-
1698090543176,mouseDragged,mouse,-
1698090543185,mouseDragged,mouse,-
1698090543200,mouseDragged,mouse,-
1698090543201,mouseDragged,mouse,-
1698090543207,mouseDragged,mouse,-
1698090543209,mouseReleased,mouse,-
1698090543275,mouseMoved,mouse,-
1698090543281,mouseMoved,mouse,-
1698090543289,mouseMoved,mouse,-
1698090543297,mouseMoved,mouse,-
1698090543304,mouseMoved,mouse,-
1698090543311,mouseMoved,mouse,-
1698090543320,mouseMoved,mouse,-
1698090543326,mouseMoved,mouse,-
1698090543334,mouseMoved,mouse,-
1698090543341,mouseMoved,mouse,-
1698090543349,mouseMoved,mouse,-
1698090543357,mouseMoved,mouse,-
1698090543364,mouseMoved,mouse,-
1698090543372,mouseMoved,mouse,-
1698090543380,mouseMoved,mouse,-
1698090543386,mouseMoved,mouse,-
1698090543394,mouseMoved,mouse,-
1698090543402,mouseMoved,mouse,-
1698090543409,mouseMoved,mouse,-
1698090543418,mouseMoved,mouse,-
1698090543424,mouseMoved,mouse,-
1698090543433,mouseMoved,mouse,-
1698090543439,mousePressed,mouse,-
1698090543447,mouseDragged,mouse,-
1698090543454,mouseDragged,mouse,-
1698090543462,mouseDragged,mouse,-
1698090543469,mouseDragged,mouse,-
1698090543476,mouseDragged,mouse,-
1698090543484,mouseDragged,mouse,-
1698090543492,mouseDragged,mouse,-
1698090543500,mouseDragged,mouse,-
1698090543506,mouseDragged,mouse,-
1698090543514,mouseDragged,mouse,-
1698090543521,mouseDragged,mouse,-
1698090543529,mouseDragged,mouse,-
1698090543537,mouseDragged,mouse,-
1698090543538,mouseReleased,mouse,-
1698090543544,mouseMoved,mouse,-
1698090543551,mouseMoved,mouse,-
1698090543560,mouseMoved,mouse,-
1698090543568,mouseMoved,mouse,-
1698090543575,mouseMoved,mouse,-
1698090543582,mouseMoved,mouse,-
1698090543590,mouseMoved,mouse,-
1698090543596,mouseMoved,mouse,-
1698090543604,mouseMoved,mouse,-
1698090543611,mouseMoved,mouse,-
1698090543620,mouseMoved,mouse,-
1698090543626,mouseMoved,mouse,-
1698090543635,mouseMoved,mouse,-
1698090543641,mouseMoved,mouse,-
1698090543650,mouseMoved,mouse,-
1698090543665,mouseMoved,mouse,-
1698090543672,mouseMoved,mouse,-
1698090543754,mouseMoved,mouse,-
1698090543762,mouseMoved,mouse,-
1698090543769,mouseMoved,mouse,-
1698090543777,mouseMoved,mouse,-
1698090543785,mouseMoved,mouse,-
1698090543791,mouseMoved,mouse,-
1698090543800,mouseMoved,mouse,-
1698090543807,mouseMoved,mouse,-
1698090543814,mouseMoved,mouse,-
1698090543822,mouseMoved,mouse,-
1698090543829,mouseMoved,mouse,-
1698090543889,mousePressed,mouse,-
1698090543904,mouseDragged,mouse,-
1698090543911,mouseDragged,mouse,-
1698090543919,mouseDragged,mouse,-
1698090543926,mouseDragged,mouse,-
1698090543934,mouseDragged,mouse,-
1698090543941,mouseDragged,mouse,-
1698090543950,mouseDragged,mouse,-
1698090543957,mouseDragged,mouse,-
1698090543964,mouseDragged,mouse,-
1698090543972,mouseDragged,mouse,-
1698090543979,mouseDragged,mouse,-
1698090543986,mouseDragged,mouse,-
1698090543994,mouseDragged,mouse,-
1698090544001,mouseDragged,mouse,-
1698090544009,mouseDragged,mouse,-
1698090544024,mouseDragged,mouse,-
1698090544026,mouseDragged,mouse,-
1698090544028,mouseReleased,mouse,-
1698090544031,mouseMoved,mouse,-
1698090544039,mouseMoved,mouse,-
1698090544069,mouseMoved,mouse,-
1698090544116,mouseMoved,mouse,-
1698090544121,mouseMoved,mouse,-
1698090544131,mouseMoved,mouse,-
1698090544137,mouseMoved,mouse,-
1698090544145,mouseMoved,mouse,-
1698090544151,mouseMoved,mouse,-
1698090544159,mouseMoved,mouse,-
1698090544166,mouseMoved,mouse,-
1698090544174,mouseMoved,mouse,-
1698090544181,mouseMoved,mouse,-
1698090544189,mouseMoved,mouse,-
1698090544196,mouseMoved,mouse,-
1698090544204,mouseMoved,mouse,-
1698090544212,mouseMoved,mouse,-
1698090544219,mouseMoved,mouse,-
1698090544226,mouseMoved,mouse,-
1698090544234,mouseMoved,mouse,-
1698090544244,mouseMoved,mouse,-
1698090544249,mouseMoved,mouse,-
1698090544257,mouseMoved,mouse,-
1698090544265,mouseMoved,mouse,-
1698090544272,mouseMoved,mouse,-
1698090544279,mouseMoved,mouse,-
1698090544287,mouseMoved,mouse,-
1698090544294,mouseMoved,mouse,-
1698090544302,mouseMoved,mouse,-
1698090544309,mouseMoved,mouse,-
1698090544349,mousePressed,mouse,-
1698090544391,mouseReleased,mouse,-
1698090544468,mouseMoved,mouse,-
1698090544474,mouseMoved,mouse,-
1698090544481,mouseMoved,mouse,-
1698090544489,mouseMoved,mouse,-
1698090544496,mouseMoved,mouse,-
1698090544504,mouseMoved,mouse,-
1698090544512,mouseMoved,mouse,-
1698090544521,mouseMoved,mouse,-
1698090544526,mouseMoved,mouse,-
1698090544537,mouseMoved,mouse,-
1698090544541,mouseMoved,mouse,-
1698090544549,mouseMoved,mouse,-
1698090544565,mouseMoved,mouse,-
1698090544571,mouseMoved,mouse,-
1698090558809,mouseMoved,mouse,-
1698090559100,mouseMoved,mouse,-
1698090559115,mouseMoved,mouse,-
1698090559154,mouseMoved,mouse,-
1698090559160,mouseMoved,mouse,-
1698090559169,mouseMoved,mouse,-
1698090559175,mouseMoved,mouse,-
1698090559183,mouseMoved,mouse,-
1698090559189,mouseMoved,mouse,-
1698090559199,mouseMoved,mouse,-
1698090559205,mouseMoved,mouse,-
1698090559213,mouseMoved,mouse,-
1698090559227,mouseMoved,mouse,-
1698090559235,mouseMoved,mouse,-
1698090559242,mouseMoved,mouse,-
1698090559250,mouseMoved,mouse,-
1698090559257,mouseMoved,mouse,-
1698090559265,mouseMoved,mouse,-
1698090559272,mouseMoved,mouse,-
1698090559280,mouseMoved,mouse,-
1698090559287,mouseMoved,mouse,-
1698090559295,mouseMoved,mouse,-
1698090559303,mouseMoved,mouse,-
1698090559310,mouseMoved,mouse,-
1698090559318,mouseMoved,mouse,-
1698090559325,mouseMoved,mouse,-
1698090559332,mouseMoved,mouse,-
1698090559340,mouseMoved,mouse,-
1698090559347,mouseMoved,mouse,-
1698090559355,mouseMoved,mouse,-
1698090559363,mouseMoved,mouse,-
1698090559370,mouseMoved,mouse,-
1698090559377,mouseMoved,mouse,-
1698090559385,mouseMoved,mouse,-
1698090559393,mouseMoved,mouse,-
1698090559402,mouseMoved,mouse,-
1698090559407,mouseMoved,mouse,-
1698090559415,mouseMoved,mouse,-
1698090559422,mouseMoved,mouse,-
1698090559430,mouseMoved,mouse,-
1698090559438,mouseMoved,mouse,-
1698090559446,mouseMoved,mouse,-
1698090559453,mouseMoved,mouse,-
1698090559461,mouseMoved,mouse,-
1698090559467,mouseMoved,mouse,-
1698090559498,mouseMoved,mouse,-
1698090559505,mouseMoved,mouse,-
1698090559513,mouseMoved,mouse,-
1698090559527,mouseMoved,mouse,-
1698090559535,mouseMoved,mouse,-
1698090559550,mouseMoved,mouse,-
1698090559564,mouseMoved,mouse,-
1698090559596,mouseMoved,mouse,-
1698090559603,mouseMoved,mouse,-
1698090559610,mouseMoved,mouse,-
1698090559618,mouseMoved,mouse,-
1698090559639,mouseMoved,mouse,-
1698090559648,mouseMoved,mouse,-
1698090559655,mouseMoved,mouse,-
1698090559663,mouseMoved,mouse,-
1698090559670,mouseMoved,mouse,-
1698090559745,mouseMoved,mouse,-
1698090559768,mouseMoved,mouse,-
1698090559812,mouseMoved,mouse,-
1698090559851,mouseMoved,mouse,-
1698090559867,mouseMoved,mouse,-
1698090559871,mouseMoved,mouse,-
1698090559882,mouseMoved,mouse,-
1698090559887,mouseMoved,mouse,-
1698090559894,mouseMoved,mouse,-
1698090559902,mouseMoved,mouse,-
1698090559909,mouseMoved,mouse,-
1698090559917,mouseMoved,mouse,-
1698090559924,mouseMoved,mouse,-
1698090559932,mouseMoved,mouse,-
1698090559940,mouseMoved,mouse,-
1698090559947,mouseMoved,mouse,-
1698090559955,mouseMoved,mouse,-
1698090559962,mouseMoved,mouse,-
1698090559969,mouseMoved,mouse,-
1698090559976,mouseMoved,mouse,-
1698090559985,mouseMoved,mouse,-
1698090560097,mouseMoved,mouse,-
1698090560112,mouseMoved,mouse,-
1698090560119,mouseMoved,mouse,-
1698090560127,mouseMoved,mouse,-
1698090560135,mouseMoved,mouse,-
1698090560142,mouseMoved,mouse,-
1698090560150,mouseMoved,mouse,-
1698090560156,mouseMoved,mouse,-
1698090560165,mouseMoved,mouse,-
1698090560172,mouseMoved,mouse,-
1698090560179,mouseMoved,mouse,-
1698090560187,mouseMoved,mouse,-
1698090560194,mouseMoved,mouse,-
1698090560202,mouseMoved,mouse,-
1698090560210,mouseMoved,mouse,-
1698090560216,mouseMoved,mouse,-
1698090560225,mouseMoved,mouse,-
1698090560232,mouseMoved,mouse,-
1698090560240,mouseMoved,mouse,-
1698090560246,mouseMoved,mouse,-
1698090560256,mouseMoved,mouse,-
1698090560262,mouseMoved,mouse,-
1698090560269,mouseMoved,mouse,-
1698090560277,mouseMoved,mouse,-
1698090560284,mouseMoved,mouse,-
1698090560292,mouseMoved,mouse,-
1698090560299,mouseMoved,mouse,-
1698090560308,mouseMoved,mouse,-
1698090560314,mouseMoved,mouse,-
1698090560329,mouseMoved,mouse,-
1698090560547,mouseMoved,mouse,-
1698090560554,mouseMoved,mouse,-
1698090560561,mouseMoved,mouse,-
1698090560569,mouseMoved,mouse,-
1698090560576,mouseMoved,mouse,-
1698090560584,mouseMoved,mouse,-
1698090560599,mouseMoved,mouse,-
1698090560615,mouseMoved,mouse,-
1698090560621,mouseMoved,mouse,-
1698090560629,mouseMoved,mouse,-
1698090560637,mouseMoved,mouse,-
1698090560644,mouseMoved,mouse,-
1698090560787,mouseMoved,mouse,-
1698090560794,mouseMoved,mouse,-
1698090560802,mouseMoved,mouse,-
1698090560809,mouseMoved,mouse,-
1698090560816,mouseMoved,mouse,-
1698090560824,mouseMoved,mouse,-
1698090560832,mouseMoved,mouse,-
1698090560839,mouseMoved,mouse,-
1698090560847,mouseMoved,mouse,-
1698090561095,mouseMoved,mouse,-
1698090561102,mouseMoved,mouse,-
1698090561109,mouseMoved,mouse,-
1698090561117,mouseMoved,mouse,-
1698090561139,mouseMoved,mouse,-
1698090561146,mouseMoved,mouse,-
1698090561176,mouseMoved,mouse,-
1698090561259,mouseMoved,mouse,-
1698090561274,mouseMoved,mouse,-
1698090561281,mouseMoved,mouse,-
1698090561297,mouseMoved,mouse,-
1698090561304,mouseMoved,mouse,-
1698090561312,mouseMoved,mouse,-
1698090561327,mouseMoved,mouse,-
1698090561327,mouseMoved,mouse,-
1698090561334,mouseMoved,mouse,-
1698090561341,mouseMoved,mouse,-
1698090561349,mouseMoved,mouse,-
1698090561357,mouseMoved,mouse,-
1698090561364,mouseMoved,mouse,-
1698090561371,mouseMoved,mouse,-
1698090561379,mouseMoved,mouse,-
1698090561386,mouseMoved,mouse,-
1698090561394,mouseMoved,mouse,-
1698090561402,mouseMoved,mouse,-
1698090561409,mouseMoved,mouse,-
1698090561417,mouseMoved,mouse,-
1698090561424,mouseMoved,mouse,-
1698090561433,mouseMoved,mouse,-
1698090561439,mouseMoved,mouse,-
1698090561447,mouseMoved,mouse,-
1698090561454,mouseMoved,mouse,-
1698090561461,mouseMoved,mouse,-
1698090561492,mouseMoved,mouse,-
1698090561537,mouseMoved,mouse,-
1698090561551,mouseMoved,mouse,-
1698090561559,mouseMoved,mouse,-
1698090561597,mouseMoved,mouse,-
1698090561604,mouseMoved,mouse,-
1698090561620,mouseMoved,mouse,-
1698090561627,mouseMoved,mouse,-
1698090561634,mouseMoved,mouse,-
1698090561641,mouseMoved,mouse,-
1698090561650,mouseMoved,mouse,-
1698090561957,mouseMoved,mouse,-
1698090562774,mouseMoved,mouse,-
1698090562782,mouseMoved,mouse,-
1698090562796,mouseMoved,mouse,-
1698090562820,mouseMoved,mouse,-
1698090562842,mouseMoved,mouse,-
1698090562849,mouseMoved,mouse,-
1698090562857,mouseMoved,mouse,-
1698090562865,mouseMoved,mouse,-
1698090562872,mouseMoved,mouse,-
1698090562879,mouseMoved,mouse,-
1698090562886,mouseMoved,mouse,-
1698090562894,mouseMoved,mouse,-
1698090562908,mouseMoved,mouse,-
1698090562916,mouseMoved,mouse,-
1698090562924,mouseMoved,mouse,-
1698090562932,mouseMoved,mouse,-
1698090562954,mouseMoved,mouse,-
1698090563029,mouseMoved,mouse,-
1698090563054,mouseMoved,mouse,-
1698090563059,mouseMoved,mouse,-
1698090563085,mouseMoved,mouse,-
1698090563097,mouseMoved,mouse,-
1698090563120,mouseMoved,mouse,-
1698090563307,mouseMoved,mouse,-
1698090563344,mouseMoved,mouse,-
1698090563351,mouseMoved,mouse,-
1698090563358,mouseMoved,mouse,-
1698090563366,mouseMoved,mouse,-
1698090563374,mouseMoved,mouse,-
1698090563382,mouseMoved,mouse,-
1698090563390,mouseMoved,mouse,-
1698090563396,mouseMoved,mouse,-
1698090563404,mouseMoved,mouse,-
1698090563419,mouseMoved,mouse,-
1698090563426,mouseMoved,mouse,-
1698090563433,mouseMoved,mouse,-
1698090563450,mouseMoved,mouse,-
1698090563457,mouseMoved,mouse,-
1698090563464,mouseMoved,mouse,-
1698090563472,mouseMoved,mouse,-
1698090563479,mouseMoved,mouse,-
1698090563668,mousePressed,mouse,-
1698090563756,mouseReleased,mouse,-
1698090564049,mouseMoved,mouse,-
1698090564057,mouseMoved,mouse,-
1698090564066,mouseMoved,mouse,-
1698090564072,mouseMoved,mouse,-
1698090564080,mouseMoved,mouse,-
1698090564087,mouseMoved,mouse,-
1698090564109,mouseMoved,mouse,-
1698090564117,mouseMoved,mouse,-
1698090564132,mouseMoved,mouse,-
1698090564139,mouseMoved,mouse,-
1698090564146,mouseMoved,mouse,-
1698090564155,mouseMoved,mouse,-
1698090564161,mouseMoved,mouse,-
1698090564171,mouseMoved,mouse,-
1698090564262,mousePressed,mouse,-
1698090564335,mouseReleased,mouse,-
1698090564372,mouseMoved,mouse,-
1698090564379,mouseMoved,mouse,-
1698090564388,mouseMoved,mouse,-
1698090564394,mouseMoved,mouse,-
1698090564403,mouseMoved,mouse,-
1698090564410,mouseMoved,mouse,-
1698090564418,mouseMoved,mouse,-
1698090564424,mouseMoved,mouse,-
1698090564440,mouseMoved,mouse,-
1698090564447,mouseMoved,mouse,-
1698090564454,mouseMoved,mouse,-
1698090564462,mouseMoved,mouse,-
1698090564469,mouseMoved,mouse,-
1698090564477,mouseMoved,mouse,-
1698090564485,mouseMoved,mouse,-
1698090564492,mouseMoved,mouse,-
1698090564500,mouseMoved,mouse,-
1698090564506,mouseMoved,mouse,-
1698090564515,mouseMoved,mouse,-
1698090564522,mouseMoved,mouse,-
1698090564529,mouseMoved,mouse,-
1698090564537,mouseMoved,mouse,-
1698090564544,mouseMoved,mouse,-
1698090564551,mouseMoved,mouse,-
1698090564560,mouseMoved,mouse,-
1698090564581,mouseMoved,mouse,-
1698090564622,mouseMoved,mouse,-
1698090564627,mouseMoved,mouse,-
1698090564641,mouseMoved,mouse,-
1698090564649,mouseMoved,mouse,-
1698090564665,mouseMoved,mouse,-
1698090564672,mouseMoved,mouse,-
1698090564686,mouseMoved,mouse,-
1698090564710,mouseMoved,mouse,-
1698090564792,mouseMoved,mouse,-
1698090564799,mouseMoved,mouse,-
1698090564806,mouseMoved,mouse,-
1698090564822,mouseMoved,mouse,-
1698090564883,mouseMoved,mouse,-
1698090564889,mouseMoved,mouse,-
1698090564897,mouseMoved,mouse,-
1698090565152,mousePressed,mouse,-
1698090565273,GotoDeclaration,action,-
1698090565278,mouseReleased,mouse,-
1698090565535,mouseMoved,mouse,-
1698090565541,mouseMoved,mouse,-
1698090565549,mouseMoved,mouse,-
1698090565557,mouseMoved,mouse,-
1698090565564,mouseMoved,mouse,-
1698090565571,mouseMoved,mouse,-
1698090565579,mouseMoved,mouse,-
1698090565587,mouseMoved,mouse,-
1698090565594,mouseMoved,mouse,-
1698090565603,mouseMoved,mouse,-
1698090565609,mouseMoved,mouse,-
1698090565617,mouseMoved,mouse,-
1698090565624,mouseMoved,mouse,-
1698090565631,mouseMoved,mouse,-
1698090565639,mouseMoved,mouse,-
1698090566540,mouseMoved,mouse,-
1698090566547,mouseMoved,mouse,-
1698090566561,mouseMoved,mouse,-
1698090566697,mouseMoved,mouse,-
1698090566705,mouseMoved,mouse,-
